{"cameraMode":{"drawMode":0,"name":"Shaded","section":"Shading Mode"},"sceneLighting":true,"audioPlay":false,"sceneViewState":{"m_AlwaysRefresh":false,"showFog":true,"showSkybox":true,"showFlares":true,"showImageEffects":true,"showParticleSystems":true,"showVisualEffectGraphs":true,"m_FxEnabled":true},"in2DMode":false,"pivot":{"x":23.190000534057618,"y":6.110000133514404,"z":15.479999542236329},"rotation":{"x":0.296040803194046,"y":0.051815617829561236,"z":-0.014443575404584408,"w":0.9539629817008972},"size":3.1667914390563967,"orthographic":false}